2023/4/12 17:30,cc-cc408-hya,5114
2023/4/12 17:31,cc-cc408-hya,5114
2023/4/12 17:32,cc-cc408-hya,5114
2023/4/12 17:33,cc-cc408-hya,5114
2023/4/12 17:34,cc-cc408-hya,5114
2023/4/12 17:35,cc-cc408-hya,5114
2023/4/12 17:36,cc-cc408-hya,5114
2023/4/12 17:37,cc-cc408-hya,5114
2023/4/12 17:38,cc-cc408-hya,5114
2023/4/12 17:39,cc-cc408-hya,5114
2023/4/12 17:40,cc-cc408-hya,5114
2023/4/12 17:41,cc-cc408-hya,5114
2023/4/12 17:42,cc-cc408-hya,5114
2023/4/12 17:43,cc-cc408-hya,5114
2023/4/12 17:44,cc-cc408-hya,5114
2023/4/12 17:45,cc-cc408-hya,5114
2023/4/12 17:46,cc-cc408-hya,5114
2023/4/12 17:47,cc-cc408-hya,5114
2023/4/12 17:48,cc-cc408-hya,5114
2023/4/12 17:49,cc-cc408-hya,5114
2023/4/12 17:50,cc-cc408-hya,5114
2023/4/12 17:51,cc-cc408-hya,5114
2023/4/12 17:52,cc-cc408-hya,5114
2023/4/12 17:53,cc-cc408-hya,5114
2023/4/12 17:54,cc-cc408-hya,5114
2023/4/12 17:55,cc-cc408-hya,5114
2023/4/12 17:56,cc-cc408-hya,5114
2023/4/12 17:57,cc-cc408-hya,5114
2023/4/12 17:58,cc-cc408-hya,5114
2023/4/12 17:59,cc-cc408-hya,5114
2023/4/12 18:00,cc-cc408-hya,5114
2023/4/12 18:01,cc-cc408-hya,5114
2023/4/12 18:02,cc-cc408-hya,5114
2023/4/12 18:03,cc-cc408-hya,5114
2023/4/12 18:04,cc-cc408-hya,5114
2023/4/12 18:05,cc-cc408-hya,5114
2023/4/12 18:06,cc-cc408-hya,5114
2023/4/12 18:07,cc-cc408-hya,5114
2023/4/12 18:08,cc-cc408-hya,5114
2023/4/12 18:09,cc-cc408-hya,5114
2023/4/12 18:10,cc-cc408-hya,5114
2023/4/12 18:11,cc-cc408-hya,5114
2023/4/12 18:12,cc-cc408-hya,5114
2023/4/12 18:13,cc-cc408-hya,5114
2023/4/12 18:14,cc-cc408-hya,5114
2023/4/12 18:15,cc-cc408-hya,5114
2023/4/12 18:16,cc-cc408-hya,5114
2023/4/12 18:17,cc-cc408-hya,5114
2023/4/12 18:18,cc-cc408-hya,5114
2023/4/12 18:19,cc-cc408-hya,5114
2023/4/12 18:20,cc-cc408-hya,5114
2023/4/12 18:21,cc-cc408-hya,5114
2023/4/12 18:22,cc-cc408-hya,5114
2023/4/12 18:23,cc-cc408-hya,5114
2023/4/12 18:24,cc-cc408-hya,5114
2023/4/12 18:25,cc-cc408-hya,5114
2023/4/12 18:26,cc-cc408-hya,5114
2023/4/12 18:27,cc-cc408-hya,5114
2023/4/12 18:28,cc-cc408-hya,5114
2023/4/12 18:29,cc-cc408-hya,5114
2023/4/12 18:30,cc-cc408-hya,5114
2023/4/12 18:31,cc-cc408-hya,5114
2023/4/12 18:32,cc-cc408-hya,5114
2023/4/12 18:33,cc-cc408-hya,5114
2023/4/12 18:34,cc-cc408-hya,5114
2023/4/12 18:35,cc-cc408-hya,5114
2023/4/12 18:36,cc-cc408-hya,5114
2023/4/12 18:37,cc-cc408-hya,5114
2023/4/12 18:38,cc-cc408-hya,5114
2023/4/12 18:39,cc-cc408-hya,5114
2023/4/12 18:40,cc-cc408-hya,5114
2023/4/12 18:41,cc-cc408-hya,5114
2023/4/12 18:42,cc-cc408-hya,5114
2023/4/12 18:43,cc-cc408-hya,5114
2023/4/12 18:44,cc-cc408-hya,5114
2023/4/12 18:45,cc-cc408-hya,5114
2023/4/12 18:46,cc-cc408-hya,5114
2023/4/12 18:47,cc-cc408-hya,5114
2023/4/12 18:48,cc-cc408-hya,5114
2023/4/12 18:49,cc-cc408-hya,5114
2023/4/12 18:50,cc-cc408-hya,5114
2023/4/12 18:51,cc-cc408-hya,5114
2023/4/12 18:52,cc-cc408-hya,5114
2023/4/12 18:53,cc-cc408-hya,5114
2023/4/12 18:54,cc-cc408-hya,5114
2023/4/12 18:55,cc-cc408-hya,5114
2023/4/12 18:56,cc-cc408-hya,5114
2023/4/12 18:57,cc-cc408-hya,5114
2023/4/12 18:58,cc-cc408-hya,5114
2023/4/12 18:59,cc-cc408-hya,5114
2023/4/12 19:00,cc-cc408-hya,5114
2023/4/12 19:01,cc-cc408-hya,5114
2023/4/12 19:02,cc-cc408-hya,5114
2023/4/12 19:03,cc-cc408-hya,5114
2023/4/12 19:04,cc-cc408-hya,5114
2023/4/12 19:05,cc-cc408-hya,5114
2023/4/12 19:06,cc-cc408-hya,5114
2023/4/12 19:07,cc-cc408-hya,5114
2023/4/12 19:08,cc-cc408-hya,5114
2023/4/12 19:09,cc-cc408-hya,5114
2023/4/12 19:10,cc-cc408-hya,5114
2023/4/12 19:11,cc-cc408-hya,5114
2023/4/12 19:12,cc-cc408-hya,5114
2023/4/12 19:13,cc-cc408-hya,5114
2023/4/12 19:14,cc-cc408-hya,5114
2023/4/12 19:15,cc-cc408-hya,5114
2023/4/12 19:16,cc-cc408-hya,5114
2023/4/12 19:17,cc-cc408-hya,5114
2023/4/12 19:18,cc-cc408-hya,5114
2023/4/12 19:19,cc-cc408-hya,5114
2023/4/12 19:20,cc-cc408-hya,5114
2023/4/12 19:21,cc-cc408-hya,5114
2023/4/12 19:22,cc-cc408-hya,5114
2023/4/12 19:23,cc-cc408-hya,5114
2023/4/12 19:24,cc-cc408-hya,5114
2023/4/12 19:25,cc-cc408-hya,5114
2023/4/12 19:26,cc-cc408-hya,5114
2023/4/12 19:27,cc-cc408-hya,5114
2023/4/12 19:28,cc-cc408-hya,5114
2023/4/12 19:29,cc-cc408-hya,5114
2023/4/12 19:30,cc-cc408-hya,5114
2023/4/12 19:31,cc-cc408-hya,5114
2023/4/12 19:32,cc-cc408-hya,5114
2023/4/12 19:33,cc-cc408-hya,5114
2023/4/12 19:34,cc-cc408-hya,5114
2023/4/12 19:35,cc-cc408-hya,5114
2023/4/12 19:36,cc-cc408-hya,5114
2023/4/12 19:37,cc-cc408-hya,5114
2023/4/12 19:38,cc-cc408-hya,5114
2023/4/12 19:39,cc-cc408-hya,5114
2023/4/12 19:40,cc-cc408-hya,5114
2023/4/12 19:41,cc-cc408-hya,5114
2023/4/12 19:42,cc-cc408-hya,5114
2023/4/12 19:43,cc-cc408-hya,5114
2023/4/12 19:44,cc-cc408-hya,5114
2023/4/12 19:45,cc-cc408-hya,5114
2023/4/12 19:46,cc-cc408-hya,5114
2023/4/12 19:47,cc-cc408-hya,5114
2023/4/12 19:48,cc-cc408-hya,5114
2023/4/12 19:49,cc-cc408-hya,5114
2023/4/12 19:50,cc-cc408-hya,5114
2023/4/12 19:51,cc-cc408-hya,5114
2023/4/12 19:52,cc-cc408-hya,5114
2023/4/12 19:53,cc-cc408-hya,5114
2023/4/12 19:54,cc-cc408-hya,5114
2023/4/12 19:55,cc-cc408-hya,5114
2023/4/12 19:56,cc-cc408-hya,5114
2023/4/12 19:57,cc-cc408-hya,5114
2023/4/12 19:58,cc-cc408-hya,5114
2023/4/12 19:59,cc-cc408-hya,5114
2023/4/12 20:00,cc-cc408-hya,5114
2023/4/12 20:01,cc-cc408-hya,5114
2023/4/12 20:02,cc-cc408-hya,5114
2023/4/12 20:03,cc-cc408-hya,5114
2023/4/12 20:04,cc-cc408-hya,5114
2023/4/12 20:05,cc-cc408-hya,5114
2023/4/12 20:06,cc-cc408-hya,5114
2023/4/12 20:07,cc-cc408-hya,5114
2023/4/12 20:08,cc-cc408-hya,5114
2023/4/12 20:09,cc-cc408-hya,5114
2023/4/12 20:10,cc-cc408-hya,5114
2023/4/12 20:11,cc-cc408-hya,5114
2023/4/12 20:12,cc-cc408-hya,5114
2023/4/12 20:13,cc-cc408-hya,5114
2023/4/12 20:14,cc-cc408-hya,5114
2023/4/12 20:15,cc-cc408-hya,5114
2023/4/12 20:16,cc-cc408-hya,5114
2023/4/12 20:17,cc-cc408-hya,5114
2023/4/12 20:18,cc-cc408-hya,5114
2023/4/12 20:19,cc-cc408-hya,5114
2023/4/12 20:20,cc-cc408-hya,5114
2023/4/12 20:21,cc-cc408-hya,5114
2023/4/12 20:22,cc-cc408-hya,5114
2023/4/12 20:23,cc-cc408-hya,5114
2023/4/12 20:24,cc-cc408-hya,5114
2023/4/12 20:25,cc-cc408-hya,5114
2023/4/12 20:26,cc-cc408-hya,5114
2023/4/12 20:27,cc-cc408-hya,5114
2023/4/12 20:28,cc-cc408-hya,5114
2023/4/12 20:29,cc-cc408-hya,5114
2023/4/12 20:30,cc-cc408-hya,5114
2023/4/12 20:31,cc-cc408-hya,5114
2023/4/12 20:32,cc-cc408-hya,5114
2023/4/12 20:33,cc-cc408-hya,5114
2023/4/12 20:34,cc-cc408-hya,5114
2023/4/12 20:35,cc-cc408-hya,5114
2023/4/12 20:36,cc-cc408-hya,5114
2023/4/12 20:37,cc-cc408-hya,5114
2023/4/12 20:38,cc-cc408-hya,5114
2023/4/12 20:39,cc-cc408-hya,5114
2023/4/12 20:40,cc-cc408-hya,5114
2023/4/12 20:41,cc-cc408-hya,5114
2023/4/12 20:42,cc-cc408-hya,5114
2023/4/12 20:43,cc-cc408-hya,5114
2023/4/12 20:44,cc-cc408-hya,5114
2023/4/12 20:45,cc-cc408-hya,5114
2023/4/12 20:46,cc-cc408-hya,5114
2023/4/12 20:47,cc-cc408-hya,5114
2023/4/12 20:48,cc-cc408-hya,5114
2023/4/12 20:49,cc-cc408-hya,5114
2023/4/12 20:50,cc-cc408-hya,5114
2023/4/12 20:51,cc-cc408-hya,5114
2023/4/12 20:52,cc-cc408-hya,5114
2023/4/12 20:53,cc-cc408-hya,5114
2023/4/12 20:54,cc-cc408-hya,5114
2023/4/12 20:55,cc-cc408-hya,5114
2023/4/12 20:56,cc-cc408-hya,5114
2023/4/12 20:57,cc-cc408-hya,5114
2023/4/12 20:58,cc-cc408-hya,5114
2023/4/12 20:59,cc-cc408-hya,5114
2023/4/12 21:00,cc-cc408-hya,5114
2023/4/12 21:01,cc-cc408-hya,5114
2023/4/12 21:02,cc-cc408-hya,5114
2023/4/12 21:03,cc-cc408-hya,5114
2023/4/12 21:04,cc-cc408-hya,5114
2023/4/12 21:05,cc-cc408-hya,5114
2023/4/12 21:06,cc-cc408-hya,5114
2023/4/12 21:07,cc-cc408-hya,5114
2023/4/12 21:08,cc-cc408-hya,5114
2023/4/12 21:09,cc-cc408-hya,5114
2023/4/12 21:10,cc-cc408-hya,5114
2023/4/12 21:11,cc-cc408-hya,5114
2023/4/12 21:12,cc-cc408-hya,5114
2023/4/12 21:13,cc-cc408-hya,5114
2023/4/12 21:14,cc-cc408-hya,5114
2023/4/12 21:15,cc-cc408-hya,5114
2023/4/12 21:16,cc-cc408-hya,5114
2023/4/12 21:17,cc-cc408-hya,5114
2023/4/12 21:18,cc-cc408-hya,5114
2023/4/12 21:19,cc-cc408-hya,5114
2023/4/12 21:20,cc-cc408-hya,5114
2023/4/12 21:21,cc-cc408-hya,5114
2023/4/12 21:22,cc-cc408-hya,5114
2023/4/12 21:23,cc-cc408-hya,5114
2023/4/12 21:24,cc-cc408-hya,5114
2023/4/12 21:25,cc-cc408-hya,5114
2023/4/12 21:26,cc-cc408-hya,5114
2023/4/12 21:27,cc-cc408-hya,5114
2023/4/12 21:28,cc-cc408-hya,5114
2023/4/12 21:29,cc-cc408-hya,5114
2023/4/12 21:30,cc-cc408-hya,5114
2023/4/12 21:31,cc-cc408-hya,5114
2023/4/12 21:32,cc-cc408-hya,5114
2023/4/12 21:33,cc-cc408-hya,5114
2023/4/12 21:34,cc-cc408-hya,5114
2023/4/12 21:35,cc-cc408-hya,5114
2023/4/12 21:36,cc-cc408-hya,5114
2023/4/12 21:37,cc-cc408-hya,5114
2023/4/12 21:38,cc-cc408-hya,5114
2023/4/12 21:39,cc-cc408-hya,5114
2023/4/12 21:40,cc-cc408-hya,5114
2023/4/12 21:41,cc-cc408-hya,5114
2023/4/12 21:42,cc-cc408-hya,5114
2023/4/12 21:43,cc-cc408-hya,5114
2023/4/12 21:44,cc-cc408-hya,5114
2023/4/12 21:45,cc-cc408-hya,5114
2023/4/12 21:46,cc-cc408-hya,5114
2023/4/12 21:47,cc-cc408-hya,5114
2023/4/12 21:48,cc-cc408-hya,5114
2023/4/12 21:49,cc-cc408-hya,5114
2023/4/12 21:50,cc-cc408-hya,5114
2023/4/12 21:51,cc-cc408-hya,5114
2023/4/12 21:52,cc-cc408-hya,5114
2023/4/12 21:53,cc-cc408-hya,5114
2023/4/12 21:54,cc-cc408-hya,5114
2023/4/12 21:55,cc-cc408-hya,5114
2023/4/12 21:56,cc-cc408-hya,5114
2023/4/12 21:57,cc-cc408-hya,5114
2023/4/12 21:58,cc-cc408-hya,5114
2023/4/12 21:59,cc-cc408-hya,5114
2023/4/12 22:00,cc-cc408-hya,5114
2023/4/12 22:01,cc-cc408-hya,5114
2023/4/12 22:02,cc-cc408-hya,5114
2023/4/12 22:03,cc-cc408-hya,5114
2023/4/12 22:04,cc-cc408-hya,5114
2023/4/12 22:05,cc-cc408-hya,5114
2023/4/12 22:06,cc-cc408-hya,5114
2023/4/12 22:07,cc-cc408-hya,5114
2023/4/12 22:08,cc-cc408-hya,5114
2023/4/12 22:09,cc-cc408-hya,5114
2023/4/12 22:10,cc-cc408-hya,5114
2023/4/12 22:11,cc-cc408-hya,5114
2023/4/12 22:12,cc-cc408-hya,5114
2023/4/12 22:13,cc-cc408-hya,5114
2023/4/12 22:14,cc-cc408-hya,5114
2023/4/12 22:15,cc-cc408-hya,5114
2023/4/12 22:16,cc-cc408-hya,5114
2023/4/12 22:17,cc-cc408-hya,5114
2023/4/12 22:18,cc-cc408-hya,5114
2023/4/12 22:19,cc-cc408-hya,5114
2023/4/12 22:20,cc-cc408-hya,5114
2023/4/12 22:21,cc-cc408-hya,5114
2023/4/12 22:22,cc-cc408-hya,5114
2023/4/12 22:23,cc-cc408-hya,5114
2023/4/12 22:24,cc-cc408-hya,5114
2023/4/12 22:25,cc-cc408-hya,5114
2023/4/12 22:26,cc-cc408-hya,5114
2023/4/12 22:27,cc-cc408-hya,5114
2023/4/12 22:28,cc-cc408-hya,5114
2023/4/12 22:29,cc-cc408-hya,5114
2023/4/12 22:30,cc-cc408-hya,5114
2023/4/12 22:31,cc-cc408-hya,5114
2023/4/12 22:32,cc-cc408-hya,5114
2023/4/12 22:33,cc-cc408-hya,5114
2023/4/12 22:34,cc-cc408-hya,5114
2023/4/12 22:35,cc-cc408-hya,5114
2023/4/12 22:36,cc-cc408-hya,5114
2023/4/12 22:37,cc-cc408-hya,5114
2023/4/12 22:38,cc-cc408-hya,5114
2023/4/12 22:39,cc-cc408-hya,5114
2023/4/12 22:40,cc-cc408-hya,5114
2023/4/12 22:41,cc-cc408-hya,5114
2023/4/12 22:42,cc-cc408-hya,5114
2023/4/12 22:43,cc-cc408-hya,5114
2023/4/12 22:44,cc-cc408-hya,5114
2023/4/12 22:45,cc-cc408-hya,5114
2023/4/12 22:46,cc-cc408-hya,5114
2023/4/12 22:47,cc-cc408-hya,5114
2023/4/12 22:48,cc-cc408-hya,5114
2023/4/12 22:49,cc-cc408-hya,5114
2023/4/12 22:50,cc-cc408-hya,5114
2023/4/12 22:51,cc-cc408-hya,5114
2023/4/12 22:52,cc-cc408-hya,5114
2023/4/12 22:53,cc-cc408-hya,5114
2023/4/12 22:54,cc-cc408-hya,5114
2023/4/12 22:55,cc-cc408-hya,5114
2023/4/12 22:56,cc-cc408-hya,5114
2023/4/12 22:57,cc-cc408-hya,5114
2023/4/12 22:58,cc-cc408-hya,5114
2023/4/12 22:59,cc-cc408-hya,5114
2023/4/12 23:00,cc-cc408-hya,5114
2023/4/12 23:01,cc-cc408-hya,5114
2023/4/12 23:02,cc-cc408-hya,5114
2023/4/12 23:03,cc-cc408-hya,5114
2023/4/12 23:04,cc-cc408-hya,5114
2023/4/12 23:05,cc-cc408-hya,5114
2023/4/12 23:06,cc-cc408-hya,5114
2023/4/12 23:07,cc-cc408-hya,5114
2023/4/12 23:08,cc-cc408-hya,5114
2023/4/12 23:09,cc-cc408-hya,5114
2023/4/12 23:10,cc-cc408-hya,5114
2023/4/12 23:11,cc-cc408-hya,5114
2023/4/12 23:12,cc-cc408-hya,5114
2023/4/12 23:13,cc-cc408-hya,5114
2023/4/12 23:14,cc-cc408-hya,5114
2023/4/12 23:15,cc-cc408-hya,5114
2023/4/12 23:16,cc-cc408-hya,5114
2023/4/12 23:17,cc-cc408-hya,5114
2023/4/12 23:18,cc-cc408-hya,5114
2023/4/12 23:19,cc-cc408-hya,5114
2023/4/12 23:20,cc-cc408-hya,5114
2023/4/12 23:21,cc-cc408-hya,5114
2023/4/12 23:22,cc-cc408-hya,5114
2023/4/12 23:23,cc-cc408-hya,5114
2023/4/12 23:24,cc-cc408-hya,5114
2023/4/12 23:25,cc-cc408-hya,5114
2023/4/12 23:26,cc-cc408-hya,5114
2023/4/12 23:27,cc-cc408-hya,5114
2023/4/12 23:28,cc-cc408-hya,5114
2023/4/12 23:29,cc-cc408-hya,5114
2023/4/12 23:30,cc-cc408-hya,5114
2023/4/12 23:31,cc-cc408-hya,5114
2023/4/12 23:32,cc-cc408-hya,5114
2023/4/12 23:33,cc-cc408-hya,5114
2023/4/12 23:34,cc-cc408-hya,5114
2023/4/12 23:35,cc-cc408-hya,5114
2023/4/12 23:36,cc-cc408-hya,5114
2023/4/12 23:37,cc-cc408-hya,5114
2023/4/12 23:38,cc-cc408-hya,5114
2023/4/12 23:39,cc-cc408-hya,5116
2023/4/12 23:40,cc-cc408-hya,5116
2023/4/12 23:41,cc-cc408-hya,5116
2023/4/12 23:42,cc-cc408-hya,5116
2023/4/12 23:43,cc-cc408-hya,5116
2023/4/12 23:44,cc-cc408-hya,5116
2023/4/12 23:45,cc-cc408-hya,5116
2023/4/12 23:46,cc-cc408-hya,5116
2023/4/12 23:47,cc-cc408-hya,5116
2023/4/12 23:48,cc-cc408-hya,5116
2023/4/12 23:49,cc-cc408-hya,5116
2023/4/12 23:50,cc-cc408-hya,5116
2023/4/12 23:51,cc-cc408-hya,5116
2023/4/12 23:52,cc-cc408-hya,5116
2023/4/12 23:53,cc-cc408-hya,5116
2023/4/12 23:54,cc-cc408-hya,5116
2023/4/12 23:55,cc-cc408-hya,5116
2023/4/12 23:56,cc-cc408-hya,5116
2023/4/12 23:57,cc-cc408-hya,5116
2023/4/12 23:58,cc-cc408-hya,5116
2023/4/12 23:59,cc-cc408-hya,5116
2023/4/13 0:00,cc-cc408-hya,5116
2023/4/13 0:01,cc-cc408-hya,5116
2023/4/13 0:02,cc-cc408-hya,5116
2023/4/13 0:03,cc-cc408-hya,5116
2023/4/13 0:04,cc-cc408-hya,5116
2023/4/13 0:05,cc-cc408-hya,5116
2023/4/13 0:06,cc-cc408-hya,5116
2023/4/13 0:07,cc-cc408-hya,5116
2023/4/13 0:08,cc-cc408-hya,5116
2023/4/13 0:09,cc-cc408-hya,5116
2023/4/13 0:10,cc-cc408-hya,5116
2023/4/13 0:11,cc-cc408-hya,5116
2023/4/13 0:12,cc-cc408-hya,5116
2023/4/13 0:13,cc-cc408-hya,5116
2023/4/13 0:14,cc-cc408-hya,5116
2023/4/13 0:15,cc-cc408-hya,5116
2023/4/13 0:16,cc-cc408-hya,5116
2023/4/13 0:17,cc-cc408-hya,5116
2023/4/13 0:18,cc-cc408-hya,5116
2023/4/13 0:19,cc-cc408-hya,5116
2023/4/13 0:20,cc-cc408-hya,5116
2023/4/13 0:21,cc-cc408-hya,5116
2023/4/13 0:22,cc-cc408-hya,5116
2023/4/13 0:23,cc-cc408-hya,5116
2023/4/13 0:24,cc-cc408-hya,5116
2023/4/13 0:25,cc-cc408-hya,5116
2023/4/13 0:26,cc-cc408-hya,5116
2023/4/13 0:27,cc-cc408-hya,5116
2023/4/13 0:28,cc-cc408-hya,5116
2023/4/13 0:29,cc-cc408-hya,5116
2023/4/13 0:30,cc-cc408-hya,5116
2023/4/13 0:31,cc-cc408-hya,5116
2023/4/13 0:32,cc-cc408-hya,5116
2023/4/13 0:33,cc-cc408-hya,5116
2023/4/13 0:34,cc-cc408-hya,5116
2023/4/13 0:35,cc-cc408-hya,5116
2023/4/13 0:36,cc-cc408-hya,5116
2023/4/13 0:37,cc-cc408-hya,5116
2023/4/13 0:38,cc-cc408-hya,5116
2023/4/13 0:39,cc-cc408-hya,5116
2023/4/13 0:40,cc-cc408-hya,5116
2023/4/13 0:41,cc-cc408-hya,5116
2023/4/13 0:42,cc-cc408-hya,5116
2023/4/13 0:43,cc-cc408-hya,5116
2023/4/13 0:44,cc-cc408-hya,5116
2023/4/13 0:45,cc-cc408-hya,5116
2023/4/13 0:46,cc-cc408-hya,5116
2023/4/13 0:47,cc-cc408-hya,5116
2023/4/13 0:48,cc-cc408-hya,5116
2023/4/13 0:49,cc-cc408-hya,5116
2023/4/13 0:50,cc-cc408-hya,5116
2023/4/13 0:51,cc-cc408-hya,5116
2023/4/13 0:52,cc-cc408-hya,5116
2023/4/13 0:53,cc-cc408-hya,5116
2023/4/13 0:54,cc-cc408-hya,5116
2023/4/13 0:55,cc-cc408-hya,5116
2023/4/13 0:56,cc-cc408-hya,5116
2023/4/13 0:57,cc-cc408-hya,5116
2023/4/13 0:58,cc-cc408-hya,5116
2023/4/13 0:59,cc-cc408-hya,5116
2023/4/13 1:00,cc-cc408-hya,5116
2023/4/13 1:01,cc-cc408-hya,5116
2023/4/13 1:02,cc-cc408-hya,5116
2023/4/13 1:03,cc-cc408-hya,5116
2023/4/13 1:04,cc-cc408-hya,5116
2023/4/13 1:05,cc-cc408-hya,5116
2023/4/13 1:06,cc-cc408-hya,5116
2023/4/13 1:07,cc-cc408-hya,5116
2023/4/13 1:08,cc-cc408-hya,5116
2023/4/13 1:09,cc-cc408-hya,5116
2023/4/13 1:10,cc-cc408-hya,5116
2023/4/13 1:11,cc-cc408-hya,5116
2023/4/13 1:12,cc-cc408-hya,5116
2023/4/13 1:13,cc-cc408-hya,5116
2023/4/13 1:14,cc-cc408-hya,5116
2023/4/13 1:15,cc-cc408-hya,5116
2023/4/13 1:16,cc-cc408-hya,5116
2023/4/13 1:17,cc-cc408-hya,5116
2023/4/13 1:18,cc-cc408-hya,5116
2023/4/13 1:19,cc-cc408-hya,5116
2023/4/13 1:20,cc-cc408-hya,5116
2023/4/13 1:21,cc-cc408-hya,5116
2023/4/13 1:22,cc-cc408-hya,5116
2023/4/13 1:23,cc-cc408-hya,5116
2023/4/13 1:24,cc-cc408-hya,5116
2023/4/13 1:25,cc-cc408-hya,5116
2023/4/13 1:26,cc-cc408-hya,5116
2023/4/13 1:27,cc-cc408-hya,5116
2023/4/13 1:28,cc-cc408-hya,5116
2023/4/13 1:29,cc-cc408-hya,5116
2023/4/13 1:30,cc-cc408-hya,5116
2023/4/13 1:31,cc-cc408-hya,5116
2023/4/13 1:32,cc-cc408-hya,5116
2023/4/13 1:33,cc-cc408-hya,5116
2023/4/13 1:34,cc-cc408-hya,5116
2023/4/13 1:35,cc-cc408-hya,5116
2023/4/13 1:36,cc-cc408-hya,5116
2023/4/13 1:37,cc-cc408-hya,5116
2023/4/13 1:38,cc-cc408-hya,5116
2023/4/13 1:39,cc-cc408-hya,5116
2023/4/13 1:40,cc-cc408-hya,5116
2023/4/13 1:41,cc-cc408-hya,5116
2023/4/13 1:42,cc-cc408-hya,5116
2023/4/13 1:43,cc-cc408-hya,5116
2023/4/13 1:44,cc-cc408-hya,5116
2023/4/13 1:45,cc-cc408-hya,5116
2023/4/13 1:46,cc-cc408-hya,5116
2023/4/13 1:47,cc-cc408-hya,5116
2023/4/13 1:48,cc-cc408-hya,5116
2023/4/13 1:49,cc-cc408-hya,5116
2023/4/13 1:50,cc-cc408-hya,5116
2023/4/13 1:51,cc-cc408-hya,5116
2023/4/13 1:52,cc-cc408-hya,5116
2023/4/13 1:53,cc-cc408-hya,5116
2023/4/13 1:54,cc-cc408-hya,5116
2023/4/13 1:55,cc-cc408-hya,5116
2023/4/13 1:56,cc-cc408-hya,5116
2023/4/13 1:57,cc-cc408-hya,5116
2023/4/13 1:58,cc-cc408-hya,5116
2023/4/13 1:59,cc-cc408-hya,5116
2023/4/13 2:00,cc-cc408-hya,5116
2023/4/13 2:01,cc-cc408-hya,5116
2023/4/13 2:02,cc-cc408-hya,5116
2023/4/13 2:03,cc-cc408-hya,5116
2023/4/13 2:04,cc-cc408-hya,5116
2023/4/13 2:05,cc-cc408-hya,5116
2023/4/13 2:06,cc-cc408-hya,5116
2023/4/13 2:07,cc-cc408-hya,5116
2023/4/13 2:08,cc-cc408-hya,5116
2023/4/13 2:09,cc-cc408-hya,5116
2023/4/13 2:10,cc-cc408-hya,5116
2023/4/13 2:11,cc-cc408-hya,5116
2023/4/13 2:12,cc-cc408-hya,5116
2023/4/13 2:13,cc-cc408-hya,5116
2023/4/13 2:14,cc-cc408-hya,5116
2023/4/13 2:15,cc-cc408-hya,5116
2023/4/13 2:16,cc-cc408-hya,5116
2023/4/13 2:17,cc-cc408-hya,5116
2023/4/13 2:18,cc-cc408-hya,5116
2023/4/13 2:19,cc-cc408-hya,5116
2023/4/13 2:20,cc-cc408-hya,5116
2023/4/13 2:21,cc-cc408-hya,5116
2023/4/13 2:22,cc-cc408-hya,5116
2023/4/13 2:23,cc-cc408-hya,5116
2023/4/13 2:24,cc-cc408-hya,5116
2023/4/13 2:25,cc-cc408-hya,5116
2023/4/13 2:26,cc-cc408-hya,5116
2023/4/13 2:27,cc-cc408-hya,5116
2023/4/13 2:28,cc-cc408-hya,5116
2023/4/13 2:29,cc-cc408-hya,5116
2023/4/13 2:30,cc-cc408-hya,5116
2023/4/13 2:31,cc-cc408-hya,5116
2023/4/13 2:32,cc-cc408-hya,5116
2023/4/13 2:33,cc-cc408-hya,5116
2023/4/13 2:34,cc-cc408-hya,5116
2023/4/13 2:35,cc-cc408-hya,5116
2023/4/13 2:36,cc-cc408-hya,5116
2023/4/13 2:37,cc-cc408-hya,5116
2023/4/13 2:38,cc-cc408-hya,5116
2023/4/13 2:39,cc-cc408-hya,5116
2023/4/13 2:40,cc-cc408-hya,5116
2023/4/13 2:41,cc-cc408-hya,5116
2023/4/13 2:42,cc-cc408-hya,5116
2023/4/13 2:43,cc-cc408-hya,5116
2023/4/13 2:44,cc-cc408-hya,5116
2023/4/13 2:45,cc-cc408-hya,5116
2023/4/13 2:46,cc-cc408-hya,5116
2023/4/13 2:47,cc-cc408-hya,5116
2023/4/13 2:48,cc-cc408-hya,5116
2023/4/13 2:49,cc-cc408-hya,5116
2023/4/13 2:50,cc-cc408-hya,5116
2023/4/13 2:51,cc-cc408-hya,5116
2023/4/13 2:52,cc-cc408-hya,5116
2023/4/13 2:53,cc-cc408-hya,5116
2023/4/13 2:54,cc-cc408-hya,5116
2023/4/13 2:55,cc-cc408-hya,5116
2023/4/13 2:56,cc-cc408-hya,5116
2023/4/13 2:57,cc-cc408-hya,5116
2023/4/13 2:58,cc-cc408-hya,5116
2023/4/13 2:59,cc-cc408-hya,5116
2023/4/13 3:00,cc-cc408-hya,5116
2023/4/13 3:01,cc-cc408-hya,5116
2023/4/13 3:02,cc-cc408-hya,5116
2023/4/13 3:03,cc-cc408-hya,5116
2023/4/13 3:04,cc-cc408-hya,5116
2023/4/13 3:05,cc-cc408-hya,5116
2023/4/13 3:06,cc-cc408-hya,5116
2023/4/13 3:07,cc-cc408-hya,5116
2023/4/13 3:08,cc-cc408-hya,5116
2023/4/13 3:09,cc-cc408-hya,5116
2023/4/13 3:10,cc-cc408-hya,5116
2023/4/13 3:11,cc-cc408-hya,5116
2023/4/13 3:12,cc-cc408-hya,5116
2023/4/13 3:13,cc-cc408-hya,5116
2023/4/13 3:14,cc-cc408-hya,5116
2023/4/13 3:15,cc-cc408-hya,5116
2023/4/13 3:16,cc-cc408-hya,5116
2023/4/13 3:17,cc-cc408-hya,5116
2023/4/13 3:18,cc-cc408-hya,5116
2023/4/13 3:19,cc-cc408-hya,5116
2023/4/13 3:20,cc-cc408-hya,5116
2023/4/13 3:21,cc-cc408-hya,5116
2023/4/13 3:22,cc-cc408-hya,5116
2023/4/13 3:23,cc-cc408-hya,5116
2023/4/13 3:24,cc-cc408-hya,5116
2023/4/13 3:25,cc-cc408-hya,5116
2023/4/13 3:26,cc-cc408-hya,5116
2023/4/13 3:27,cc-cc408-hya,5116
2023/4/13 3:28,cc-cc408-hya,5116
2023/4/13 3:29,cc-cc408-hya,5116
2023/4/13 3:30,cc-cc408-hya,5116
2023/4/13 3:31,cc-cc408-hya,5116
2023/4/13 3:32,cc-cc408-hya,5116
2023/4/13 3:33,cc-cc408-hya,5116
2023/4/13 3:34,cc-cc408-hya,5116
2023/4/13 3:35,cc-cc408-hya,5116
2023/4/13 3:36,cc-cc408-hya,5116
2023/4/13 3:37,cc-cc408-hya,5116
2023/4/13 3:38,cc-cc408-hya,5116
2023/4/13 3:39,cc-cc408-hya,5116
2023/4/13 3:40,cc-cc408-hya,5116
2023/4/13 3:41,cc-cc408-hya,5116
2023/4/13 3:42,cc-cc408-hya,5116
2023/4/13 3:43,cc-cc408-hya,5116
2023/4/13 3:44,cc-cc408-hya,5116
2023/4/13 3:45,cc-cc408-hya,5116
2023/4/13 3:46,cc-cc408-hya,5116
2023/4/13 3:47,cc-cc408-hya,5116
2023/4/13 3:48,cc-cc408-hya,5116
2023/4/13 3:49,cc-cc408-hya,5116
2023/4/13 3:50,cc-cc408-hya,5116
2023/4/13 3:51,cc-cc408-hya,5116
2023/4/13 3:52,cc-cc408-hya,5116
2023/4/13 3:53,cc-cc408-hya,5116
2023/4/13 3:54,cc-cc408-hya,5116
2023/4/13 3:55,cc-cc408-hya,5116
2023/4/13 3:56,cc-cc408-hya,5116
2023/4/13 3:57,cc-cc408-hya,5116
2023/4/13 3:58,cc-cc408-hya,5116
2023/4/13 3:59,cc-cc408-hya,5116
2023/4/13 4:00,cc-cc408-hya,5116
2023/4/13 4:01,cc-cc408-hya,5116
2023/4/13 4:02,cc-cc408-hya,5116
2023/4/13 4:03,cc-cc408-hya,5116
2023/4/13 4:04,cc-cc408-hya,5116
2023/4/13 4:05,cc-cc408-hya,5116
2023/4/13 4:06,cc-cc408-hya,5116
2023/4/13 4:07,cc-cc408-hya,5116
2023/4/13 4:08,cc-cc408-hya,5116
2023/4/13 4:09,cc-cc408-hya,5116
2023/4/13 4:10,cc-cc408-hya,5116
2023/4/13 4:11,cc-cc408-hya,5116
2023/4/13 4:12,cc-cc408-hya,5116
2023/4/13 4:13,cc-cc408-hya,5116
2023/4/13 4:14,cc-cc408-hya,5116
2023/4/13 4:15,cc-cc408-hya,5116
2023/4/13 4:16,cc-cc408-hya,5116
2023/4/13 4:17,cc-cc408-hya,5116
2023/4/13 4:18,cc-cc408-hya,5116
2023/4/13 4:19,cc-cc408-hya,5116
2023/4/13 4:20,cc-cc408-hya,5116
2023/4/13 4:21,cc-cc408-hya,5116
2023/4/13 4:22,cc-cc408-hya,5116
2023/4/13 4:23,cc-cc408-hya,5116
2023/4/13 4:24,cc-cc408-hya,5116
2023/4/13 4:25,cc-cc408-hya,5116
2023/4/13 4:26,cc-cc408-hya,5116
2023/4/13 4:27,cc-cc408-hya,5116
2023/4/13 4:28,cc-cc408-hya,5116
2023/4/13 4:29,cc-cc408-hya,5116
2023/4/13 4:30,cc-cc408-hya,5116
2023/4/13 4:31,cc-cc408-hya,5116
2023/4/13 4:32,cc-cc408-hya,5116
2023/4/13 4:33,cc-cc408-hya,5116
2023/4/13 4:34,cc-cc408-hya,5116
2023/4/13 4:35,cc-cc408-hya,5116
2023/4/13 4:36,cc-cc408-hya,5116
2023/4/13 4:37,cc-cc408-hya,5116
2023/4/13 4:38,cc-cc408-hya,5116
2023/4/13 4:39,cc-cc408-hya,5116
2023/4/13 4:40,cc-cc408-hya,5116
2023/4/13 4:41,cc-cc408-hya,5116
2023/4/13 4:42,cc-cc408-hya,5116
2023/4/13 4:43,cc-cc408-hya,5116
2023/4/13 4:44,cc-cc408-hya,5116
2023/4/13 4:45,cc-cc408-hya,5116
2023/4/13 4:46,cc-cc408-hya,5116
2023/4/13 4:47,cc-cc408-hya,5116
2023/4/13 4:48,cc-cc408-hya,5116
2023/4/13 4:49,cc-cc408-hya,5116
2023/4/13 4:50,cc-cc408-hya,5116
2023/4/13 4:51,cc-cc408-hya,5116
2023/4/13 4:52,cc-cc408-hya,5116
2023/4/13 4:53,cc-cc408-hya,5116
2023/4/13 4:54,cc-cc408-hya,5116
2023/4/13 4:55,cc-cc408-hya,5116
2023/4/13 4:56,cc-cc408-hya,5116
2023/4/13 4:57,cc-cc408-hya,5116
2023/4/13 4:58,cc-cc408-hya,5116
2023/4/13 4:59,cc-cc408-hya,5116
2023/4/13 5:00,cc-cc408-hya,5116
2023/4/13 5:01,cc-cc408-hya,5119
2023/4/13 5:02,cc-cc408-hya,5122
2023/4/13 5:03,cc-cc408-hya,5122
2023/4/13 5:04,cc-cc408-hya,5122
2023/4/13 5:05,cc-cc408-hya,5122
2023/4/13 5:06,cc-cc408-hya,5122
2023/4/13 5:07,cc-cc408-hya,5122
2023/4/13 5:08,cc-cc408-hya,5122
2023/4/13 5:09,cc-cc408-hya,5122
2023/4/13 5:10,cc-cc408-hya,5122
2023/4/13 5:11,cc-cc408-hya,5122
2023/4/13 5:12,cc-cc408-hya,5122
2023/4/13 5:13,cc-cc408-hya,5122
2023/4/13 5:14,cc-cc408-hya,5122
2023/4/13 5:15,cc-cc408-hya,5122
2023/4/13 5:16,cc-cc408-hya,5122
2023/4/13 5:17,cc-cc408-hya,5122
2023/4/13 5:18,cc-cc408-hya,5122
2023/4/13 5:19,cc-cc408-hya,5122
2023/4/13 5:20,cc-cc408-hya,5122
2023/4/13 5:21,cc-cc408-hya,5122
2023/4/13 5:22,cc-cc408-hya,5122
2023/4/13 5:23,cc-cc408-hya,5122
2023/4/13 5:24,cc-cc408-hya,5122
2023/4/13 5:25,cc-cc408-hya,5122
2023/4/13 5:26,cc-cc408-hya,5122
2023/4/13 5:27,cc-cc408-hya,5122
2023/4/13 5:28,cc-cc408-hya,5122
2023/4/13 5:29,cc-cc408-hya,5122
2023/4/13 5:30,cc-cc408-hya,5122
2023/4/13 5:31,cc-cc408-hya,5122
2023/4/13 5:32,cc-cc408-hya,5122
2023/4/13 5:33,cc-cc408-hya,5122
2023/4/13 5:34,cc-cc408-hya,5122
2023/4/13 5:35,cc-cc408-hya,5122
2023/4/13 5:36,cc-cc408-hya,5122
2023/4/13 5:37,cc-cc408-hya,5122
2023/4/13 5:38,cc-cc408-hya,5122
2023/4/13 5:39,cc-cc408-hya,5122
2023/4/13 5:40,cc-cc408-hya,5122
2023/4/13 5:41,cc-cc408-hya,5122
2023/4/13 5:42,cc-cc408-hya,5122
2023/4/13 5:43,cc-cc408-hya,5122
2023/4/13 5:44,cc-cc408-hya,5122
2023/4/13 5:45,cc-cc408-hya,5122
2023/4/13 5:46,cc-cc408-hya,5122
2023/4/13 5:47,cc-cc408-hya,5122
2023/4/13 5:48,cc-cc408-hya,5122
2023/4/13 5:49,cc-cc408-hya,5122
2023/4/13 5:50,cc-cc408-hya,5122
2023/4/13 5:51,cc-cc408-hya,5122
2023/4/13 5:52,cc-cc408-hya,5122
2023/4/13 5:53,cc-cc408-hya,5122
2023/4/13 5:54,cc-cc408-hya,5122
2023/4/13 5:55,cc-cc408-hya,5122
2023/4/13 5:56,cc-cc408-hya,5122
2023/4/13 5:57,cc-cc408-hya,5122
2023/4/13 5:58,cc-cc408-hya,5122
2023/4/13 5:59,cc-cc408-hya,5122
2023/4/13 6:00,cc-cc408-hya,5122
2023/4/13 6:01,cc-cc408-hya,5122
2023/4/13 6:02,cc-cc408-hya,5122
2023/4/13 6:03,cc-cc408-hya,5122
2023/4/13 6:04,cc-cc408-hya,5122
2023/4/13 6:05,cc-cc408-hya,5122
2023/4/13 6:06,cc-cc408-hya,5122
2023/4/13 6:07,cc-cc408-hya,5122
2023/4/13 6:08,cc-cc408-hya,5122
2023/4/13 6:09,cc-cc408-hya,5122
2023/4/13 6:10,cc-cc408-hya,5122
2023/4/13 6:11,cc-cc408-hya,5122
2023/4/13 6:12,cc-cc408-hya,5122
2023/4/13 6:13,cc-cc408-hya,5122
2023/4/13 6:14,cc-cc408-hya,5122
2023/4/13 6:15,cc-cc408-hya,5122
2023/4/13 6:16,cc-cc408-hya,5122
2023/4/13 6:17,cc-cc408-hya,5122
2023/4/13 6:18,cc-cc408-hya,5122
2023/4/13 6:19,cc-cc408-hya,5122
2023/4/13 6:20,cc-cc408-hya,5122
2023/4/13 6:21,cc-cc408-hya,5122
2023/4/13 6:22,cc-cc408-hya,5122
2023/4/13 6:23,cc-cc408-hya,5122
2023/4/13 6:24,cc-cc408-hya,5122
2023/4/13 6:25,cc-cc408-hya,5122
2023/4/13 6:26,cc-cc408-hya,5122
2023/4/13 6:27,cc-cc408-hya,5122
2023/4/13 6:28,cc-cc408-hya,5122
2023/4/13 6:29,cc-cc408-hya,5122
2023/4/13 6:30,cc-cc408-hya,5122
2023/4/13 6:31,cc-cc408-hya,5122
2023/4/13 6:32,cc-cc408-hya,5122
2023/4/13 6:33,cc-cc408-hya,5122
2023/4/13 6:34,cc-cc408-hya,5122
2023/4/13 6:35,cc-cc408-hya,5122
2023/4/13 6:36,cc-cc408-hya,5122
2023/4/13 6:37,cc-cc408-hya,5122
2023/4/13 6:38,cc-cc408-hya,5122
2023/4/13 6:39,cc-cc408-hya,5122
2023/4/13 6:40,cc-cc408-hya,5122
2023/4/13 6:41,cc-cc408-hya,5122
2023/4/13 6:42,cc-cc408-hya,5122
2023/4/13 6:43,cc-cc408-hya,5122
2023/4/13 6:44,cc-cc408-hya,5122
2023/4/13 6:45,cc-cc408-hya,5122
2023/4/13 6:46,cc-cc408-hya,5122
2023/4/13 6:47,cc-cc408-hya,5122
2023/4/13 6:48,cc-cc408-hya,5122
2023/4/13 6:49,cc-cc408-hya,5122
2023/4/13 6:50,cc-cc408-hya,5122
2023/4/13 6:51,cc-cc408-hya,5122
2023/4/13 6:52,cc-cc408-hya,5122
2023/4/13 6:53,cc-cc408-hya,5122
2023/4/13 6:54,cc-cc408-hya,5122
2023/4/13 6:55,cc-cc408-hya,5122
2023/4/13 6:56,cc-cc408-hya,5122
2023/4/13 6:57,cc-cc408-hya,5122
2023/4/13 6:58,cc-cc408-hya,5122
2023/4/13 6:59,cc-cc408-hya,5122
2023/4/13 7:00,cc-cc408-hya,5122
2023/4/13 7:01,cc-cc408-hya,5122
2023/4/13 7:02,cc-cc408-hya,5122
2023/4/13 7:03,cc-cc408-hya,5122
2023/4/13 7:04,cc-cc408-hya,5122
2023/4/13 7:05,cc-cc408-hya,5122
2023/4/13 7:06,cc-cc408-hya,5122
2023/4/13 7:07,cc-cc408-hya,5122
2023/4/13 7:08,cc-cc408-hya,5122
2023/4/13 7:09,cc-cc408-hya,5122
2023/4/13 7:10,cc-cc408-hya,5122
2023/4/13 7:11,cc-cc408-hya,5122
2023/4/13 7:12,cc-cc408-hya,5122
2023/4/13 7:13,cc-cc408-hya,5122
2023/4/13 7:14,cc-cc408-hya,5122
2023/4/13 7:15,cc-cc408-hya,5122
2023/4/13 7:16,cc-cc408-hya,5122
2023/4/13 7:17,cc-cc408-hya,5122
2023/4/13 7:18,cc-cc408-hya,5122
2023/4/13 7:19,cc-cc408-hya,5122
2023/4/13 7:20,cc-cc408-hya,5122
2023/4/13 7:21,cc-cc408-hya,5122
2023/4/13 7:22,cc-cc408-hya,5122
2023/4/13 7:23,cc-cc408-hya,5122
2023/4/13 7:24,cc-cc408-hya,5122
2023/4/13 7:25,cc-cc408-hya,5122
2023/4/13 7:26,cc-cc408-hya,5122
2023/4/13 7:27,cc-cc408-hya,5122
2023/4/13 7:28,cc-cc408-hya,5122
2023/4/13 7:29,cc-cc408-hya,5122
2023/4/13 7:30,cc-cc408-hya,5122
2023/4/13 7:31,cc-cc408-hya,5122
2023/4/13 7:32,cc-cc408-hya,5122
2023/4/13 7:33,cc-cc408-hya,5122
2023/4/13 7:34,cc-cc408-hya,5122
2023/4/13 7:35,cc-cc408-hya,5122
2023/4/13 7:36,cc-cc408-hya,5122
2023/4/13 7:37,cc-cc408-hya,5122
2023/4/13 7:38,cc-cc408-hya,5122
2023/4/13 7:39,cc-cc408-hya,5122
2023/4/13 7:40,cc-cc408-hya,5122
2023/4/13 7:41,cc-cc408-hya,5122
2023/4/13 7:42,cc-cc408-hya,5122
2023/4/13 7:43,cc-cc408-hya,5122
2023/4/13 7:44,cc-cc408-hya,5122
2023/4/13 7:45,cc-cc408-hya,5122
2023/4/13 7:46,cc-cc408-hya,5122
2023/4/13 7:47,cc-cc408-hya,5122
2023/4/13 7:48,cc-cc408-hya,5122
2023/4/13 7:49,cc-cc408-hya,5122
2023/4/13 7:50,cc-cc408-hya,5122
2023/4/13 7:51,cc-cc408-hya,5122
2023/4/13 7:52,cc-cc408-hya,5122
2023/4/13 7:53,cc-cc408-hya,5122
2023/4/13 7:54,cc-cc408-hya,5122
2023/4/13 7:55,cc-cc408-hya,5122
2023/4/13 7:56,cc-cc408-hya,5122
2023/4/13 7:57,cc-cc408-hya,5122
2023/4/13 7:58,cc-cc408-hya,5122
2023/4/13 7:59,cc-cc408-hya,5134
2023/4/13 8:00,cc-cc408-hya,5134
2023/4/13 8:01,cc-cc408-hya,5138
2023/4/13 8:02,cc-cc408-hya,5138
2023/4/13 8:03,cc-cc408-hya,5138
2023/4/13 8:04,cc-cc408-hya,5138
2023/4/13 8:05,cc-cc408-hya,5138
2023/4/13 8:06,cc-cc408-hya,5138
2023/4/13 8:07,cc-cc408-hya,5138
2023/4/13 8:08,cc-cc408-hya,5114
2023/4/13 8:09,cc-cc408-hya,5126
2023/4/13 8:10,cc-cc408-hya,5126
2023/4/13 8:11,cc-cc408-hya,5126
2023/4/13 8:12,cc-cc408-hya,5126
2023/4/13 8:13,cc-cc408-hya,5126
2023/4/13 8:14,cc-cc408-hya,5126
2023/4/13 8:15,cc-cc408-hya,5126
2023/4/13 8:16,cc-cc408-hya,5126
2023/4/13 8:17,cc-cc408-hya,5126
2023/4/13 8:18,cc-cc408-hya,5126
2023/4/13 8:19,cc-cc408-hya,5126
2023/4/13 8:20,cc-cc408-hya,5126
2023/4/13 8:21,cc-cc408-hya,5126
2023/4/13 8:22,cc-cc408-hya,5126
2023/4/13 8:23,cc-cc408-hya,5126
2023/4/13 8:24,cc-cc408-hya,5126
2023/4/13 8:25,cc-cc408-hya,5126
2023/4/13 8:26,cc-cc408-hya,5126
2023/4/13 8:27,cc-cc408-hya,5126
2023/4/13 8:28,cc-cc408-hya,5126
2023/4/13 8:29,cc-cc408-hya,5126
2023/4/13 8:30,cc-cc408-hya,5126
2023/4/13 8:31,cc-cc408-hya,5126
2023/4/13 8:32,cc-cc408-hya,5126
2023/4/13 8:33,cc-cc408-hya,5126
2023/4/13 8:34,cc-cc408-hya,5126
2023/4/13 8:35,cc-cc408-hya,5126
2023/4/13 8:36,cc-cc408-hya,5126
2023/4/13 8:37,cc-cc408-hya,5126
2023/4/13 8:38,cc-cc408-hya,5126
2023/4/13 8:39,cc-cc408-hya,5126
2023/4/13 8:40,cc-cc408-hya,5126
2023/4/13 8:41,cc-cc408-hya,5126
2023/4/13 8:42,cc-cc408-hya,5126
2023/4/13 8:43,cc-cc408-hya,5126
2023/4/13 8:44,cc-cc408-hya,5126
2023/4/13 8:45,cc-cc408-hya,5126
2023/4/13 8:46,cc-cc408-hya,5126
2023/4/13 8:47,cc-cc408-hya,5126
2023/4/13 8:48,cc-cc408-hya,5146
2023/4/13 8:49,cc-cc408-hya,5136
2023/4/13 8:50,cc-cc408-hya,5136
2023/4/13 8:51,cc-cc408-hya,5136
2023/4/13 8:52,cc-cc408-hya,5136
2023/4/13 8:53,cc-cc408-hya,5136
2023/4/13 8:54,cc-cc408-hya,5126
2023/4/13 8:55,cc-cc408-hya,5126
2023/4/13 8:56,cc-cc408-hya,5126
2023/4/13 8:57,cc-cc408-hya,5126
2023/4/13 8:58,cc-cc408-hya,5126
2023/4/13 8:59,cc-cc408-hya,5126
2023/4/13 9:00,cc-cc408-hya,5126
2023/4/13 9:01,cc-cc408-hya,5122
2023/4/13 9:02,cc-cc408-hya,5122
2023/4/13 9:03,cc-cc408-hya,5134
2023/4/13 9:04,cc-cc408-hya,5122
2023/4/13 9:05,cc-cc408-hya,5122
2023/4/13 9:06,cc-cc408-hya,5146
2023/4/13 9:07,cc-cc408-hya,5146
2023/4/13 9:08,cc-cc408-hya,5122
2023/4/13 9:09,cc-cc408-hya,5122
2023/4/13 9:10,cc-cc408-hya,5122
2023/4/13 9:11,cc-cc408-hya,5122
2023/4/13 9:12,cc-cc408-hya,5122
2023/4/13 9:13,cc-cc408-hya,5122
2023/4/13 9:14,cc-cc408-hya,5122
2023/4/13 9:15,cc-cc408-hya,5122
2023/4/13 9:16,cc-cc408-hya,5122
2023/4/13 9:17,cc-cc408-hya,5122
2023/4/13 9:18,cc-cc408-hya,5122
2023/4/13 9:19,cc-cc408-hya,5122
2023/4/13 9:20,cc-cc408-hya,5122
2023/4/13 9:21,cc-cc408-hya,5122
2023/4/13 9:22,cc-cc408-hya,5122
2023/4/13 9:23,cc-cc408-hya,5122
2023/4/13 9:24,cc-cc408-hya,5122
2023/4/13 9:25,cc-cc408-hya,5122
2023/4/13 9:26,cc-cc408-hya,5122
2023/4/13 9:27,cc-cc408-hya,5122
2023/4/13 9:28,cc-cc408-hya,5122
2023/4/13 9:29,cc-cc408-hya,5122
2023/4/13 9:30,cc-cc408-hya,5122
2023/4/13 9:31,cc-cc408-hya,5122
2023/4/13 9:32,cc-cc408-hya,5122
2023/4/13 9:33,cc-cc408-hya,5122
2023/4/13 9:34,cc-cc408-hya,5122
2023/4/13 9:35,cc-cc408-hya,5122
2023/4/13 9:36,cc-cc408-hya,5122
2023/4/13 9:37,cc-cc408-hya,5122
2023/4/13 9:38,cc-cc408-hya,5122
2023/4/13 9:39,cc-cc408-hya,5122
2023/4/13 9:40,cc-cc408-hya,5122
2023/4/13 9:41,cc-cc408-hya,5122
2023/4/13 9:42,cc-cc408-hya,5122
2023/4/13 9:43,cc-cc408-hya,5122
2023/4/13 9:44,cc-cc408-hya,5122
2023/4/13 9:45,cc-cc408-hya,5122
2023/4/13 9:46,cc-cc408-hya,5122
2023/4/13 9:47,cc-cc408-hya,5122
2023/4/13 9:48,cc-cc408-hya,5122
2023/4/13 9:49,cc-cc408-hya,5122
2023/4/13 9:50,cc-cc408-hya,5122
2023/4/13 9:51,cc-cc408-hya,5122
2023/4/13 9:52,cc-cc408-hya,5122
2023/4/13 9:53,cc-cc408-hya,5122
2023/4/13 9:54,cc-cc408-hya,5122
2023/4/13 9:55,cc-cc408-hya,5122
2023/4/13 9:56,cc-cc408-hya,5122
2023/4/13 9:57,cc-cc408-hya,5122
2023/4/13 9:58,cc-cc408-hya,5122
2023/4/13 9:59,cc-cc408-hya,5122
2023/4/13 10:00,cc-cc408-hya,5122
2023/4/13 10:01,cc-cc408-hya,5122
2023/4/13 10:02,cc-cc408-hya,5122
2023/4/13 10:03,cc-cc408-hya,5122
2023/4/13 10:04,cc-cc408-hya,5122
2023/4/13 10:05,cc-cc408-hya,5122
2023/4/13 10:06,cc-cc408-hya,5122
2023/4/13 10:07,cc-cc408-hya,5122
2023/4/13 10:08,cc-cc408-hya,5122
2023/4/13 10:09,cc-cc408-hya,5122
2023/4/13 10:10,cc-cc408-hya,5122
2023/4/13 10:11,cc-cc408-hya,5122
2023/4/13 10:12,cc-cc408-hya,5122
2023/4/13 10:13,cc-cc408-hya,5122
2023/4/13 10:14,cc-cc408-hya,5122
2023/4/13 10:15,cc-cc408-hya,5122
2023/4/13 10:16,cc-cc408-hya,5122
2023/4/13 10:17,cc-cc408-hya,5122
2023/4/13 10:18,cc-cc408-hya,5122
2023/4/13 10:19,cc-cc408-hya,5122
2023/4/13 10:20,cc-cc408-hya,5122
2023/4/13 10:21,cc-cc408-hya,5122
2023/4/13 10:22,cc-cc408-hya,5122
2023/4/13 10:23,cc-cc408-hya,5122
2023/4/13 10:24,cc-cc408-hya,5122
2023/4/13 10:25,cc-cc408-hya,5122
2023/4/13 10:26,cc-cc408-hya,5122
2023/4/13 10:27,cc-cc408-hya,5122
2023/4/13 10:28,cc-cc408-hya,5122
2023/4/13 10:29,cc-cc408-hya,5122
2023/4/13 10:30,cc-cc408-hya,5122
2023/4/13 10:31,cc-cc408-hya,5122
2023/4/13 10:32,cc-cc408-hya,5122
2023/4/13 10:33,cc-cc408-hya,5122
2023/4/13 10:34,cc-cc408-hya,5122
2023/4/13 10:35,cc-cc408-hya,5122
2023/4/13 10:36,cc-cc408-hya,5122
2023/4/13 10:37,cc-cc408-hya,5122
2023/4/13 10:38,cc-cc408-hya,5122
2023/4/13 10:39,cc-cc408-hya,5122
2023/4/13 10:40,cc-cc408-hya,5122
2023/4/13 10:41,cc-cc408-hya,5122
2023/4/13 10:42,cc-cc408-hya,5122
2023/4/13 10:43,cc-cc408-hya,5122
2023/4/13 10:44,cc-cc408-hya,5122
2023/4/13 10:45,cc-cc408-hya,5122
2023/4/13 10:46,cc-cc408-hya,5122
2023/4/13 10:47,cc-cc408-hya,5122
2023/4/13 10:48,cc-cc408-hya,5122
2023/4/13 10:49,cc-cc408-hya,5122
2023/4/13 10:50,cc-cc408-hya,5122
2023/4/13 10:51,cc-cc408-hya,5122
2023/4/13 10:52,cc-cc408-hya,5122
2023/4/13 10:53,cc-cc408-hya,5122
2023/4/13 10:54,cc-cc408-hya,5122
2023/4/13 10:55,cc-cc408-hya,5122
2023/4/13 10:56,cc-cc408-hya,5122
2023/4/13 10:57,cc-cc408-hya,5122
2023/4/13 10:58,cc-cc408-hya,5122
2023/4/13 10:59,cc-cc408-hya,5122
2023/4/13 11:00,cc-cc408-hya,5122
2023/4/13 11:01,cc-cc408-hya,5122
2023/4/13 11:02,cc-cc408-hya,5122
2023/4/13 11:03,cc-cc408-hya,5122
2023/4/13 11:04,cc-cc408-hya,5122
2023/4/13 11:05,cc-cc408-hya,5122
2023/4/13 11:06,cc-cc408-hya,5122
2023/4/13 11:07,cc-cc408-hya,5122
2023/4/13 11:08,cc-cc408-hya,5122
2023/4/13 11:09,cc-cc408-hya,5122
2023/4/13 11:10,cc-cc408-hya,5122
2023/4/13 11:11,cc-cc408-hya,5122
2023/4/13 11:12,cc-cc408-hya,5122
2023/4/13 11:13,cc-cc408-hya,5122
2023/4/13 11:14,cc-cc408-hya,5122
2023/4/13 11:15,cc-cc408-hya,5122
2023/4/13 11:16,cc-cc408-hya,5122
2023/4/13 11:17,cc-cc408-hya,5122
2023/4/13 11:18,cc-cc408-hya,5122
2023/4/13 11:19,cc-cc408-hya,5122
2023/4/13 11:20,cc-cc408-hya,5122
2023/4/13 11:21,cc-cc408-hya,5122
2023/4/13 11:22,cc-cc408-hya,5122
2023/4/13 11:23,cc-cc408-hya,5122
2023/4/13 11:24,cc-cc408-hya,5122
2023/4/13 11:25,cc-cc408-hya,5122
2023/4/13 11:26,cc-cc408-hya,5122
2023/4/13 11:27,cc-cc408-hya,5122
2023/4/13 11:28,cc-cc408-hya,5122
2023/4/13 11:29,cc-cc408-hya,5122
2023/4/13 11:30,cc-cc408-hya,5122
2023/4/13 11:31,cc-cc408-hya,5122
2023/4/13 11:32,cc-cc408-hya,5122
2023/4/13 11:33,cc-cc408-hya,5122
2023/4/13 11:34,cc-cc408-hya,5122
2023/4/13 11:35,cc-cc408-hya,5122
2023/4/13 11:36,cc-cc408-hya,5122
2023/4/13 11:37,cc-cc408-hya,5122
2023/4/13 11:38,cc-cc408-hya,5122
2023/4/13 11:39,cc-cc408-hya,5122
2023/4/13 11:40,cc-cc408-hya,5122
2023/4/13 11:41,cc-cc408-hya,5122
2023/4/13 11:42,cc-cc408-hya,5122
2023/4/13 11:43,cc-cc408-hya,5122
2023/4/13 11:44,cc-cc408-hya,5122
2023/4/13 11:45,cc-cc408-hya,5122
2023/4/13 11:46,cc-cc408-hya,5122
2023/4/13 11:47,cc-cc408-hya,5122
2023/4/13 11:48,cc-cc408-hya,5122
2023/4/13 11:49,cc-cc408-hya,5122
2023/4/13 11:50,cc-cc408-hya,5122
2023/4/13 11:51,cc-cc408-hya,5122
2023/4/13 11:52,cc-cc408-hya,5122
2023/4/13 11:53,cc-cc408-hya,5122
2023/4/13 11:54,cc-cc408-hya,5122
2023/4/13 11:55,cc-cc408-hya,5122
2023/4/13 11:56,cc-cc408-hya,5122
2023/4/13 11:57,cc-cc408-hya,5122
2023/4/13 11:58,cc-cc408-hya,5122
2023/4/13 11:59,cc-cc408-hya,5122
2023/4/13 12:00,cc-cc408-hya,5122
2023/4/13 12:01,cc-cc408-hya,5122
2023/4/13 12:02,cc-cc408-hya,5122
2023/4/13 12:03,cc-cc408-hya,5122
2023/4/13 12:04,cc-cc408-hya,5122
2023/4/13 12:05,cc-cc408-hya,5122
2023/4/13 12:06,cc-cc408-hya,5122
2023/4/13 12:07,cc-cc408-hya,5122
2023/4/13 12:08,cc-cc408-hya,5122
2023/4/13 12:09,cc-cc408-hya,5122
2023/4/13 12:10,cc-cc408-hya,5122
2023/4/13 12:11,cc-cc408-hya,5122
2023/4/13 12:12,cc-cc408-hya,5122
2023/4/13 12:13,cc-cc408-hya,5122
2023/4/13 12:14,cc-cc408-hya,5122
2023/4/13 12:15,cc-cc408-hya,5122
2023/4/13 12:16,cc-cc408-hya,5122
2023/4/13 12:17,cc-cc408-hya,5122
2023/4/13 12:18,cc-cc408-hya,5122
2023/4/13 12:19,cc-cc408-hya,5122
2023/4/13 12:20,cc-cc408-hya,5122
2023/4/13 12:21,cc-cc408-hya,5122
2023/4/13 12:22,cc-cc408-hya,5122
2023/4/13 12:23,cc-cc408-hya,5122
2023/4/13 12:24,cc-cc408-hya,5122
2023/4/13 12:25,cc-cc408-hya,5122
2023/4/13 12:26,cc-cc408-hya,5122
2023/4/13 12:27,cc-cc408-hya,5122
2023/4/13 12:28,cc-cc408-hya,5122
2023/4/13 12:29,cc-cc408-hya,5122
2023/4/13 12:30,cc-cc408-hya,5122
2023/4/13 12:31,cc-cc408-hya,5122
2023/4/13 12:32,cc-cc408-hya,5122
2023/4/13 12:33,cc-cc408-hya,5122
2023/4/13 12:34,cc-cc408-hya,5122
2023/4/13 12:35,cc-cc408-hya,5122
2023/4/13 12:36,cc-cc408-hya,5122
2023/4/13 12:37,cc-cc408-hya,5122
2023/4/13 12:38,cc-cc408-hya,5122
2023/4/13 12:39,cc-cc408-hya,5122
2023/4/13 12:40,cc-cc408-hya,5122
2023/4/13 12:41,cc-cc408-hya,5122
2023/4/13 12:42,cc-cc408-hya,5122
2023/4/13 12:43,cc-cc408-hya,5122
2023/4/13 12:44,cc-cc408-hya,5122
2023/4/13 12:45,cc-cc408-hya,5122
2023/4/13 12:46,cc-cc408-hya,5122
2023/4/13 12:47,cc-cc408-hya,5122
2023/4/13 12:48,cc-cc408-hya,5122
2023/4/13 12:49,cc-cc408-hya,5122
2023/4/13 12:50,cc-cc408-hya,5122
2023/4/13 12:51,cc-cc408-hya,5122
2023/4/13 12:52,cc-cc408-hya,5122
2023/4/13 12:53,cc-cc408-hya,5122
2023/4/13 12:54,cc-cc408-hya,5122
2023/4/13 12:55,cc-cc408-hya,5122
2023/4/13 12:56,cc-cc408-hya,5122
2023/4/13 12:57,cc-cc408-hya,5122
2023/4/13 12:58,cc-cc408-hya,5122
2023/4/13 12:59,cc-cc408-hya,5122
2023/4/13 13:00,cc-cc408-hya,5122
2023/4/13 13:01,cc-cc408-hya,5122
2023/4/13 13:02,cc-cc408-hya,5122
2023/4/13 13:03,cc-cc408-hya,5122
2023/4/13 13:04,cc-cc408-hya,5122
2023/4/13 13:05,cc-cc408-hya,5122
2023/4/13 13:06,cc-cc408-hya,5122
2023/4/13 13:07,cc-cc408-hya,5122
2023/4/13 13:08,cc-cc408-hya,5122
2023/4/13 13:09,cc-cc408-hya,5122
2023/4/13 13:10,cc-cc408-hya,5122
2023/4/13 13:11,cc-cc408-hya,5122
2023/4/13 13:12,cc-cc408-hya,5122
2023/4/13 13:13,cc-cc408-hya,5122
2023/4/13 13:14,cc-cc408-hya,5122
2023/4/13 13:15,cc-cc408-hya,5122
2023/4/13 13:16,cc-cc408-hya,5122
2023/4/13 13:17,cc-cc408-hya,5122
2023/4/13 13:18,cc-cc408-hya,5122
2023/4/13 13:19,cc-cc408-hya,5122
2023/4/13 13:20,cc-cc408-hya,5122
2023/4/13 13:21,cc-cc408-hya,5122
2023/4/13 13:22,cc-cc408-hya,5122
2023/4/13 13:23,cc-cc408-hya,5122
2023/4/13 13:24,cc-cc408-hya,5122
2023/4/13 13:25,cc-cc408-hya,5122
2023/4/13 13:26,cc-cc408-hya,5122
2023/4/13 13:27,cc-cc408-hya,5122
2023/4/13 13:28,cc-cc408-hya,5122
2023/4/13 13:29,cc-cc408-hya,5122
2023/4/13 13:30,cc-cc408-hya,5122
2023/4/13 13:31,cc-cc408-hya,5122
2023/4/13 13:32,cc-cc408-hya,5122
2023/4/13 13:33,cc-cc408-hya,5122
2023/4/13 13:34,cc-cc408-hya,5122
2023/4/13 13:35,cc-cc408-hya,5122
2023/4/13 13:36,cc-cc408-hya,5122
2023/4/13 13:37,cc-cc408-hya,5122
2023/4/13 13:38,cc-cc408-hya,5122
2023/4/13 13:39,cc-cc408-hya,5122
2023/4/13 13:40,cc-cc408-hya,5122
2023/4/13 13:41,cc-cc408-hya,5122
2023/4/13 13:42,cc-cc408-hya,5122
2023/4/13 13:43,cc-cc408-hya,5122
2023/4/13 13:44,cc-cc408-hya,5122
2023/4/13 13:45,cc-cc408-hya,5122
2023/4/13 13:46,cc-cc408-hya,5122
2023/4/13 13:47,cc-cc408-hya,5122
2023/4/13 13:48,cc-cc408-hya,5122
2023/4/13 13:49,cc-cc408-hya,5122
2023/4/13 13:50,cc-cc408-hya,5122
2023/4/13 13:51,cc-cc408-hya,5122
2023/4/13 13:52,cc-cc408-hya,5122
2023/4/13 13:53,cc-cc408-hya,5122
2023/4/13 13:54,cc-cc408-hya,5122
2023/4/13 13:55,cc-cc408-hya,5122
2023/4/13 13:56,cc-cc408-hya,5122
2023/4/13 13:57,cc-cc408-hya,5122
2023/4/13 13:58,cc-cc408-hya,5122
2023/4/13 13:59,cc-cc408-hya,5122
2023/4/13 14:00,cc-cc408-hya,5122
2023/4/13 14:01,cc-cc408-hya,5122
2023/4/13 14:02,cc-cc408-hya,5122
2023/4/13 14:03,cc-cc408-hya,5122
2023/4/13 14:04,cc-cc408-hya,5122
2023/4/13 14:05,cc-cc408-hya,5122
2023/4/13 14:06,cc-cc408-hya,5122
2023/4/13 14:07,cc-cc408-hya,5122
2023/4/13 14:08,cc-cc408-hya,5122
2023/4/13 14:09,cc-cc408-hya,5122
2023/4/13 14:10,cc-cc408-hya,5122
2023/4/13 14:11,cc-cc408-hya,5122
2023/4/13 14:12,cc-cc408-hya,5122
2023/4/13 14:13,cc-cc408-hya,5122
2023/4/13 14:14,cc-cc408-hya,5122
2023/4/13 14:15,cc-cc408-hya,5122
2023/4/13 14:16,cc-cc408-hya,5122
2023/4/13 14:17,cc-cc408-hya,5122
2023/4/13 14:18,cc-cc408-hya,5122
2023/4/13 14:19,cc-cc408-hya,5122
2023/4/13 14:20,cc-cc408-hya,5122
2023/4/13 14:21,cc-cc408-hya,5122
2023/4/13 14:22,cc-cc408-hya,5122
2023/4/13 14:23,cc-cc408-hya,5122
2023/4/13 14:24,cc-cc408-hya,5122
2023/4/13 14:25,cc-cc408-hya,5122
2023/4/13 14:26,cc-cc408-hya,5122
2023/4/13 14:27,cc-cc408-hya,5122
2023/4/13 14:28,cc-cc408-hya,5122
2023/4/13 14:29,cc-cc408-hya,5122
2023/4/13 14:30,cc-cc408-hya,5122
2023/4/13 14:31,cc-cc408-hya,5122
2023/4/13 14:32,cc-cc408-hya,5122
2023/4/13 14:33,cc-cc408-hya,5122
2023/4/13 14:34,cc-cc408-hya,5122
2023/4/13 14:35,cc-cc408-hya,5122
2023/4/13 14:36,cc-cc408-hya,5122
2023/4/13 14:37,cc-cc408-hya,5122
2023/4/13 14:38,cc-cc408-hya,5122
2023/4/13 14:39,cc-cc408-hya,5122
2023/4/13 14:40,cc-cc408-hya,5122
2023/4/13 14:41,cc-cc408-hya,5122
2023/4/13 14:42,cc-cc408-hya,5122
2023/4/13 14:43,cc-cc408-hya,5122
2023/4/13 14:44,cc-cc408-hya,5122
2023/4/13 14:45,cc-cc408-hya,5122
2023/4/13 14:46,cc-cc408-hya,5122
2023/4/13 14:47,cc-cc408-hya,5122
2023/4/13 14:48,cc-cc408-hya,5122
2023/4/13 14:49,cc-cc408-hya,5122
2023/4/13 14:50,cc-cc408-hya,5122
2023/4/13 14:51,cc-cc408-hya,5122
2023/4/13 14:52,cc-cc408-hya,5122
2023/4/13 14:53,cc-cc408-hya,5122
2023/4/13 14:54,cc-cc408-hya,5122
2023/4/13 14:55,cc-cc408-hya,5122
2023/4/13 14:56,cc-cc408-hya,5122
2023/4/13 14:57,cc-cc408-hya,5122
2023/4/13 14:58,cc-cc408-hya,5122
2023/4/13 14:59,cc-cc408-hya,5122
2023/4/13 15:00,cc-cc408-hya,5122
2023/4/13 15:01,cc-cc408-hya,5122
2023/4/13 15:02,cc-cc408-hya,5122
2023/4/13 15:03,cc-cc408-hya,5122
2023/4/13 15:04,cc-cc408-hya,5122
2023/4/13 15:05,cc-cc408-hya,5122
2023/4/13 15:06,cc-cc408-hya,5122
2023/4/13 15:07,cc-cc408-hya,5122
2023/4/13 15:08,cc-cc408-hya,5122
2023/4/13 15:09,cc-cc408-hya,5122
2023/4/13 15:10,cc-cc408-hya,5122
2023/4/13 15:11,cc-cc408-hya,5122
2023/4/13 15:12,cc-cc408-hya,5120
2023/4/13 15:13,cc-cc408-hya,5122
2023/4/13 15:14,cc-cc408-hya,5122
2023/4/13 15:15,cc-cc408-hya,5122
2023/4/13 15:16,cc-cc408-hya,5122
2023/4/13 15:17,cc-cc408-hya,5122
2023/4/13 15:18,cc-cc408-hya,5122
2023/4/13 15:19,cc-cc408-hya,5122
2023/4/13 15:20,cc-cc408-hya,5122
2023/4/13 15:21,cc-cc408-hya,5122
2023/4/13 15:22,cc-cc408-hya,5122
2023/4/13 15:23,cc-cc408-hya,5122
2023/4/13 15:24,cc-cc408-hya,5122
2023/4/13 15:25,cc-cc408-hya,5122
2023/4/13 15:26,cc-cc408-hya,5122
2023/4/13 15:27,cc-cc408-hya,5122
2023/4/13 15:28,cc-cc408-hya,5122
2023/4/13 15:29,cc-cc408-hya,5122
2023/4/13 15:30,cc-cc408-hya,5122
2023/4/13 15:31,cc-cc408-hya,5122
2023/4/13 15:32,cc-cc408-hya,5122
2023/4/13 15:33,cc-cc408-hya,5122
2023/4/13 15:34,cc-cc408-hya,5122
2023/4/13 15:35,cc-cc408-hya,5132
2023/4/13 15:36,cc-cc408-hya,5127
2023/4/13 15:37,cc-cc408-hya,5127
2023/4/13 15:38,cc-cc408-hya,5127
2023/4/13 15:39,cc-cc408-hya,5127
2023/4/13 15:40,cc-cc408-hya,5127
2023/4/13 15:41,cc-cc408-hya,5127
2023/4/13 15:42,cc-cc408-hya,5127
2023/4/13 15:43,cc-cc408-hya,5127
2023/4/13 15:44,cc-cc408-hya,5127
2023/4/13 15:45,cc-cc408-hya,5127
2023/4/13 15:46,cc-cc408-hya,5127
2023/4/13 15:47,cc-cc408-hya,5117
2023/4/13 15:48,cc-cc408-hya,5117
2023/4/13 15:49,cc-cc408-hya,5122
2023/4/13 15:50,cc-cc408-hya,5122
2023/4/13 15:51,cc-cc408-hya,5122
2023/4/13 15:52,cc-cc408-hya,5122
2023/4/13 15:53,cc-cc408-hya,5122
2023/4/13 15:54,cc-cc408-hya,5122
2023/4/13 15:55,cc-cc408-hya,5122
2023/4/13 15:56,cc-cc408-hya,5122
2023/4/13 15:57,cc-cc408-hya,5122
2023/4/13 15:58,cc-cc408-hya,5122
2023/4/13 15:59,cc-cc408-hya,5122
2023/4/13 16:00,cc-cc408-hya,5122
2023/4/13 16:01,cc-cc408-hya,5122
2023/4/13 16:02,cc-cc408-hya,5122
2023/4/13 16:03,cc-cc408-hya,5122
2023/4/13 16:04,cc-cc408-hya,5122
2023/4/13 16:05,cc-cc408-hya,5122
2023/4/13 16:06,cc-cc408-hya,5122
2023/4/13 16:07,cc-cc408-hya,5122
2023/4/13 16:08,cc-cc408-hya,5122
2023/4/13 16:09,cc-cc408-hya,5122
2023/4/13 16:10,cc-cc408-hya,5122
2023/4/13 16:11,cc-cc408-hya,5122
2023/4/13 16:12,cc-cc408-hya,5122
2023/4/13 16:13,cc-cc408-hya,5122
2023/4/13 16:14,cc-cc408-hya,5122
2023/4/13 16:15,cc-cc408-hya,5122
2023/4/13 16:16,cc-cc408-hya,5122
2023/4/13 16:17,cc-cc408-hya,5122
2023/4/13 16:18,cc-cc408-hya,5122
2023/4/13 16:19,cc-cc408-hya,5122
2023/4/13 16:20,cc-cc408-hya,5122
2023/4/13 16:21,cc-cc408-hya,5122
2023/4/13 16:22,cc-cc408-hya,5122
2023/4/13 16:23,cc-cc408-hya,5122
2023/4/13 16:24,cc-cc408-hya,5122
2023/4/13 16:25,cc-cc408-hya,5122
2023/4/13 16:26,cc-cc408-hya,5122
2023/4/13 16:27,cc-cc408-hya,5122
2023/4/13 16:28,cc-cc408-hya,5122
2023/4/13 16:29,cc-cc408-hya,5122
2023/4/13 16:30,cc-cc408-hya,5122
2023/4/13 16:31,cc-cc408-hya,5122
2023/4/13 16:32,cc-cc408-hya,5122
2023/4/13 16:33,cc-cc408-hya,5122
2023/4/13 16:34,cc-cc408-hya,5122
2023/4/13 16:35,cc-cc408-hya,5122
2023/4/13 16:36,cc-cc408-hya,5122
2023/4/13 16:37,cc-cc408-hya,5122
2023/4/13 16:38,cc-cc408-hya,5122
2023/4/13 16:39,cc-cc408-hya,5122
2023/4/13 16:40,cc-cc408-hya,5122
2023/4/13 16:41,cc-cc408-hya,5122
2023/4/13 16:42,cc-cc408-hya,5122
2023/4/13 16:43,cc-cc408-hya,5122
2023/4/13 16:44,cc-cc408-hya,5122
2023/4/13 16:45,cc-cc408-hya,5122
2023/4/13 16:46,cc-cc408-hya,5122
2023/4/13 16:47,cc-cc408-hya,5122
2023/4/13 16:48,cc-cc408-hya,5122
2023/4/13 16:49,cc-cc408-hya,5122
2023/4/13 16:50,cc-cc408-hya,5122
2023/4/13 16:51,cc-cc408-hya,5122
2023/4/13 16:52,cc-cc408-hya,5122
2023/4/13 16:53,cc-cc408-hya,5122
2023/4/13 16:54,cc-cc408-hya,5122
2023/4/13 16:55,cc-cc408-hya,5122
2023/4/13 16:56,cc-cc408-hya,5122
2023/4/13 16:57,cc-cc408-hya,5122
2023/4/13 16:58,cc-cc408-hya,5122
2023/4/13 16:59,cc-cc408-hya,5122
2023/4/13 17:00,cc-cc408-hya,5122
2023/4/13 17:01,cc-cc408-hya,5122
2023/4/13 17:02,cc-cc408-hya,5122
2023/4/13 17:03,cc-cc408-hya,5122
2023/4/13 17:04,cc-cc408-hya,5122
2023/4/13 17:05,cc-cc408-hya,5122
2023/4/13 17:06,cc-cc408-hya,5122
2023/4/13 17:07,cc-cc408-hya,5122
2023/4/13 17:08,cc-cc408-hya,5122
2023/4/13 17:09,cc-cc408-hya,5122
2023/4/13 17:10,cc-cc408-hya,5122
2023/4/13 17:11,cc-cc408-hya,5122
2023/4/13 17:12,cc-cc408-hya,5122
2023/4/13 17:13,cc-cc408-hya,5122
2023/4/13 17:14,cc-cc408-hya,5122
2023/4/13 17:15,cc-cc408-hya,5122
2023/4/13 17:16,cc-cc408-hya,5122
2023/4/13 17:17,cc-cc408-hya,5122
2023/4/13 17:18,cc-cc408-hya,5122
2023/4/13 17:19,cc-cc408-hya,5122
2023/4/13 17:20,cc-cc408-hya,5122
2023/4/13 17:21,cc-cc408-hya,5122
2023/4/13 17:22,cc-cc408-hya,5122
2023/4/13 17:23,cc-cc408-hya,5122
2023/4/13 17:24,cc-cc408-hya,5122
2023/4/13 17:25,cc-cc408-hya,5122
2023/4/13 17:26,cc-cc408-hya,5122
2023/4/13 17:27,cc-cc408-hya,5122
2023/4/13 17:28,cc-cc408-hya,5122
2023/4/13 17:29,cc-cc408-hya,5122
2023/4/13 17:30,cc-cc408-hya,5122
